organism,param,mean,lo95,hi95
Bc,μ_0,0.4773078723900547,0.39172662517778695,0.5900140314429086
Bc,IC50,0.9102019507381207,0.5784876181713802,1.257467162218317
Bc,h,1.8673942083822301,1.026798519000864,4.171030486316661
Ec,μ_0,0.6646836829417974,0.5482227218323573,0.795772427199736
Ec,IC50,1.0001516731630378,0.7796815425992741,1.2504254881008894
Ec,h,1.7669800071783759,1.297684699914673,2.372735214734912
